-- phpMyAdmin SQL Dump
-- version 4.0.5
-- http://www.phpmyadmin.net
--
-- Host: localhost
-- Generation Time: Nov 06, 2013 at 08:37 AM
-- Server version: 5.1.70-cll
-- PHP Version: 5.3.25

SET SQL_MODE = "NO_AUTO_VALUE_ON_ZERO";
SET time_zone = "+00:00";


/*!40101 SET @OLD_CHARACTER_SET_CLIENT=@@CHARACTER_SET_CLIENT */;
/*!40101 SET @OLD_CHARACTER_SET_RESULTS=@@CHARACTER_SET_RESULTS */;
/*!40101 SET @OLD_COLLATION_CONNECTION=@@COLLATION_CONNECTION */;
/*!40101 SET NAMES utf8 */;

--
-- Database: `htmlthor_db`
--

-- --------------------------------------------------------

--
-- Table structure for table `Attribute`
--

CREATE TABLE IF NOT EXISTS `Attribute` (
  `aID` int(11) NOT NULL AUTO_INCREMENT,
  `Name` varchar(250) NOT NULL,
  `eID` int(11) NOT NULL,
  `isGlobal` int(1) NOT NULL DEFAULT '0',
  `isRequired` int(1) NOT NULL DEFAULT '0',
  `isDeprecated` int(1) NOT NULL DEFAULT '0',
  `isBoolean` tinyint(1) NOT NULL DEFAULT '0',
  `isScript` tinyint(1) NOT NULL DEFAULT '0',
  PRIMARY KEY (`aID`)
) ENGINE=InnoDB  DEFAULT CHARSET=latin1 AUTO_INCREMENT=332 ;

--
-- Dumping data for table `Attribute`
--

INSERT INTO `Attribute` (`aID`, `Name`, `eID`, `isGlobal`, `isRequired`, `isDeprecated`, `isBoolean`, `isScript`) VALUES
(1, 'href', 11, 0, 0, 0, 0, 0),
(2, 'target', 11, 0, 0, 0, 0, 0),
(3, 'accesskey', 0, 1, 0, 0, 0, 0),
(4, 'class', 0, 1, 0, 0, 0, 0),
(5, 'contenteditable', 0, 1, 0, 0, 0, 0),
(6, 'contextmenu', 0, 1, 0, 0, 0, 0),
(7, 'dir', 0, 1, 0, 0, 0, 0),
(8, 'draggable', 0, 1, 0, 0, 0, 0),
(9, 'dropzone', 0, 1, 0, 0, 0, 0),
(10, 'hidden', 0, 1, 0, 0, 1, 0),
(11, 'id', 0, 1, 0, 0, 0, 0),
(13, 'spellcheck', 0, 1, 0, 0, 0, 0),
(14, 'style', 0, 1, 0, 0, 0, 0),
(15, 'tabindex', 0, 1, 0, 0, 0, 0),
(16, 'title', 0, 1, 0, 0, 0, 0),
(17, 'translate', 0, 1, 0, 0, 0, 0),
(18, 'crossorigin', 69, 0, 0, 0, 0, 0),
(19, 'href', 69, 0, 0, 0, 0, 0),
(20, 'hreflang', 69, 0, 0, 0, 0, 0),
(21, 'media', 69, 0, 0, 0, 0, 0),
(22, 'rel', 69, 0, 0, 0, 0, 0),
(23, 'sizes', 69, 0, 0, 0, 0, 0),
(24, 'type', 69, 0, 0, 0, 0, 0),
(25, 'charset', 76, 0, 0, 0, 0, 0),
(26, 'content', 76, 0, 0, 0, 0, 0),
(27, 'http-equiv', 76, 0, 0, 0, 0, 0),
(28, 'name', 76, 0, 0, 0, 0, 0),
(29, 'type', 104, 0, 0, 0, 0, 0),
(30, 'media', 104, 0, 0, 0, 0, 0),
(31, 'scoped', 104, 0, 0, 0, 1, 0),
(32, 'title', 104, 0, 0, 0, 0, 0),
(33, 'disabled', 104, 0, 0, 0, 0, 0),
(34, 'async', 96, 0, 0, 0, 1, 0),
(35, 'src', 96, 0, 0, 0, 0, 0),
(36, 'type', 96, 0, 0, 0, 0, 0),
(37, 'defer', 96, 0, 0, 0, 1, 0),
(38, 'onafterprint', 18, 0, 0, 0, 0, 1),
(39, 'onbeforeprint', 18, 0, 0, 0, 0, 1),
(40, 'onbeforeunload', 18, 0, 0, 0, 0, 1),
(41, 'onblur', 18, 0, 0, 0, 0, 1),
(42, 'onerror', 18, 0, 0, 0, 0, 1),
(43, 'onfocus', 18, 0, 0, 0, 0, 1),
(44, 'onhashchange', 18, 0, 0, 0, 0, 1),
(45, 'onload', 18, 0, 0, 0, 0, 1),
(46, 'onmessage', 18, 0, 0, 0, 0, 1),
(47, 'onoffline', 18, 0, 0, 0, 0, 1),
(48, 'ononline', 18, 0, 0, 0, 0, 1),
(49, 'onpopstate', 18, 0, 0, 0, 0, 1),
(50, 'onredo', 18, 0, 0, 0, 0, 1),
(51, 'onresize', 18, 0, 0, 0, 0, 1),
(52, 'onstorage', 18, 0, 0, 0, 0, 1),
(53, 'onundo', 18, 0, 0, 0, 0, 1),
(54, 'onunload', 18, 0, 0, 0, 0, 1),
(55, 'cite', 17, 0, 0, 0, 0, 0),
(56, 'reversed', 82, 0, 0, 0, 1, 0),
(57, 'start', 82, 0, 0, 0, 0, 0),
(58, 'type', 82, 0, 0, 0, 0, 0),
(59, 'value', 122, 0, 0, 0, 0, 0),
(60, 'value', 68, 0, 0, 0, 0, 0),
(61, 'download', 1, 0, 0, 0, 0, 0),
(62, 'href', 1, 0, 1, 0, 0, 0),
(63, 'hreflang', 1, 0, 0, 0, 0, 0),
(64, 'media', 1, 0, 0, 0, 0, 0),
(65, 'rel', 1, 0, 0, 0, 0, 0),
(66, 'target', 1, 0, 0, 0, 0, 0),
(67, 'type', 1, 0, 0, 0, 0, 0),
(68, 'cite', 90, 0, 0, 0, 0, 0),
(69, 'value', 28, 0, 0, 0, 0, 0),
(70, 'datetime', 116, 0, 0, 0, 0, 0),
(71, 'cite', 62, 0, 0, 0, 0, 0),
(72, 'datetime', 62, 0, 0, 0, 0, 0),
(73, 'cite', 31, 0, 0, 0, 0, 0),
(74, 'datetime', 31, 0, 0, 0, 0, 0),
(75, 'alt', 60, 0, 1, 0, 0, 0),
(76, 'crossorigin', 60, 0, 0, 0, 0, 0),
(77, 'height', 60, 0, 0, 0, 0, 0),
(78, 'ismap', 60, 0, 0, 0, 1, 0),
(79, 'src', 60, 0, 1, 0, 0, 0),
(80, 'width', 60, 0, 0, 0, 0, 0),
(81, 'usemap', 60, 0, 0, 0, 0, 0),
(82, 'allowfullscreen', 59, 0, 0, 0, 0, 0),
(83, 'height', 59, 0, 0, 0, 0, 0),
(84, 'name', 59, 0, 0, 0, 0, 0),
(85, 'sandbox', 59, 0, 0, 0, 0, 0),
(86, 'seamless', 59, 0, 0, 0, 1, 0),
(87, 'src', 59, 0, 0, 0, 0, 0),
(88, 'srcdoc', 59, 0, 0, 0, 0, 0),
(89, 'width', 59, 0, 0, 0, 0, 0),
(90, 'height', 39, 0, 0, 0, 0, 0),
(91, 'src', 39, 0, 0, 0, 0, 0),
(92, 'type', 39, 0, 0, 0, 0, 0),
(93, 'width', 39, 0, 0, 0, 0, 0),
(94, 'data', 81, 0, 0, 0, 0, 0),
(95, 'form', 81, 0, 0, 0, 0, 0),
(96, 'height', 81, 0, 0, 0, 0, 0),
(97, 'name', 81, 0, 0, 0, 0, 0),
(98, 'type', 81, 0, 0, 0, 0, 0),
(99, 'usemap', 81, 0, 0, 0, 0, 0),
(100, 'width', 81, 0, 0, 0, 0, 0),
(101, 'name', 87, 0, 0, 0, 0, 0),
(102, 'value', 87, 0, 0, 0, 0, 0),
(103, 'autoplay', 124, 0, 0, 0, 1, 0),
(104, 'buffered', 124, 0, 0, 0, 0, 0),
(105, 'controls', 124, 0, 0, 0, 1, 0),
(106, 'crossorigin', 124, 0, 0, 0, 0, 0),
(107, 'height', 124, 0, 0, 0, 0, 0),
(108, 'loop', 124, 0, 0, 0, 1, 0),
(109, 'muted', 124, 0, 0, 0, 1, 0),
(110, 'played', 124, 0, 0, 0, 0, 0),
(111, 'preload', 124, 0, 0, 0, 0, 0),
(112, 'poster', 124, 0, 0, 0, 0, 0),
(113, 'src', 124, 0, 0, 0, 0, 0),
(114, 'width', 124, 0, 0, 0, 0, 0),
(115, 'autoplay', 9, 0, 0, 0, 1, 0),
(116, 'buffered', 9, 0, 0, 0, 0, 0),
(117, 'controls', 9, 0, 0, 0, 1, 0),
(118, 'loop', 9, 0, 0, 0, 1, 0),
(119, 'muted', 9, 0, 0, 0, 1, 0),
(120, 'played', 9, 0, 0, 0, 0, 0),
(121, 'preload', 9, 0, 0, 0, 0, 0),
(122, 'src', 9, 0, 0, 0, 0, 0),
(123, 'volume', 9, 0, 0, 0, 0, 0),
(124, 'src', 100, 0, 1, 0, 0, 0),
(125, 'type', 100, 0, 0, 0, 0, 0),
(126, 'media', 100, 0, 0, 0, 0, 0),
(127, 'default', 119, 0, 0, 0, 1, 0),
(128, 'kind', 119, 0, 0, 0, 0, 0),
(129, 'label', 119, 0, 0, 0, 0, 0),
(130, 'src', 119, 0, 1, 0, 0, 0),
(131, 'srclang', 119, 0, 0, 0, 0, 0),
(132, 'width', 21, 0, 0, 0, 0, 0),
(133, 'height', 21, 0, 0, 0, 0, 0),
(134, 'alt', 6, 0, 0, 0, 0, 0),
(135, 'coords', 6, 0, 0, 0, 0, 0),
(136, 'download', 6, 0, 0, 0, 0, 0),
(137, 'href', 6, 0, 0, 0, 0, 0),
(138, 'hreflang', 6, 0, 0, 0, 0, 0),
(139, 'media', 6, 0, 0, 0, 0, 0),
(140, 'rel', 6, 0, 0, 0, 0, 0),
(141, 'shape', 6, 0, 0, 0, 0, 0),
(142, 'target', 6, 0, 0, 0, 0, 0),
(143, 'type', 6, 0, 0, 0, 0, 0),
(144, 'span', 26, 0, 0, 0, 0, 0),
(145, 'span', 27, 0, 0, 0, 0, 0),
(146, 'colspan', 111, 0, 0, 0, 0, 0),
(147, 'headers', 111, 0, 0, 0, 0, 0),
(148, 'rowspan', 111, 0, 0, 0, 0, 0),
(149, 'abbr', 114, 0, 0, 0, 0, 0),
(150, 'align', 114, 0, 0, 0, 0, 0),
(151, 'axis', 114, 0, 0, 0, 0, 0),
(152, 'colspan', 114, 0, 0, 0, 0, 0),
(153, 'headers', 114, 0, 0, 0, 0, 0),
(154, 'rowspan', 114, 0, 0, 0, 0, 0),
(155, 'scope', 114, 0, 0, 0, 0, 0),
(156, 'accept-charset', 45, 0, 0, 0, 0, 0),
(157, 'action', 45, 0, 0, 0, 0, 0),
(158, 'autocomplete', 45, 0, 0, 0, 0, 0),
(159, 'enctype', 45, 0, 0, 0, 0, 0),
(160, 'method', 45, 0, 0, 0, 0, 0),
(161, 'name', 45, 0, 0, 0, 0, 0),
(162, 'novalidate', 45, 0, 0, 0, 1, 0),
(163, 'target', 45, 0, 0, 0, 0, 0),
(164, 'disabled', 40, 0, 0, 0, 1, 0),
(165, 'form', 40, 0, 0, 0, 0, 0),
(166, 'name', 40, 0, 0, 0, 0, 0),
(167, 'accesskey', 66, 0, 0, 0, 0, 0),
(168, 'for', 66, 0, 0, 0, 0, 0),
(169, 'form', 66, 0, 0, 0, 0, 0),
(170, 'type', 61, 0, 0, 0, 0, 0),
(171, 'accept', 61, 0, 0, 0, 0, 0),
(172, 'autocomplete', 61, 0, 0, 0, 0, 0),
(173, 'autofocus', 61, 0, 0, 0, 1, 0),
(174, 'autosave', 61, 0, 0, 0, 0, 0),
(175, 'checked', 61, 0, 0, 0, 1, 0),
(176, 'disabled', 61, 0, 0, 0, 1, 0),
(177, 'form', 61, 0, 0, 0, 0, 0),
(178, 'formaction', 61, 0, 0, 0, 0, 0),
(179, 'formenctype', 61, 0, 0, 0, 0, 0),
(180, 'formmethod', 61, 0, 0, 0, 0, 0),
(181, 'formnovalidate', 61, 0, 0, 0, 1, 0),
(182, 'formtarget', 61, 0, 0, 0, 0, 0),
(183, 'formtarget', 61, 0, 0, 0, 0, 0),
(184, 'height', 61, 0, 0, 0, 0, 0),
(185, 'inputmode', 61, 0, 0, 0, 0, 0),
(186, 'list', 61, 0, 0, 0, 0, 0),
(187, 'max', 61, 0, 0, 0, 0, 0),
(188, 'maxlength', 61, 0, 0, 0, 0, 0),
(189, 'min', 61, 0, 0, 0, 0, 0),
(190, 'multiple', 61, 0, 0, 0, 1, 0),
(191, 'name', 61, 0, 1, 0, 0, 0),
(192, 'pattern', 61, 0, 0, 0, 0, 0),
(193, 'placeholder', 61, 0, 0, 0, 0, 0),
(194, 'readonly', 61, 0, 0, 0, 1, 0),
(195, 'required', 61, 0, 0, 0, 1, 0),
(196, 'selectionDirection', 61, 0, 0, 0, 0, 0),
(197, 'size', 61, 0, 0, 0, 0, 0),
(198, 'spellcheck', 61, 0, 0, 0, 0, 0),
(199, 'src', 61, 0, 0, 0, 0, 0),
(200, 'step', 61, 0, 0, 0, 0, 0),
(201, 'value', 61, 0, 1, 0, 0, 0),
(202, 'width', 61, 0, 0, 0, 0, 0),
(203, 'autofocus', 20, 0, 0, 0, 1, 0),
(204, 'disabled', 20, 0, 0, 0, 1, 0),
(205, 'form', 20, 0, 0, 0, 0, 0),
(206, 'formaction', 20, 0, 0, 0, 0, 0),
(207, 'formenctype', 20, 0, 0, 0, 0, 0),
(208, 'formmethod', 20, 0, 0, 0, 0, 0),
(209, 'formnovalidate', 20, 0, 0, 0, 1, 0),
(210, 'formtarget', 20, 0, 0, 0, 0, 0),
(211, 'name', 20, 0, 0, 0, 0, 0),
(212, 'type', 20, 0, 0, 0, 0, 0),
(213, 'value', 20, 0, 0, 0, 0, 0),
(214, 'autofocus', 98, 0, 0, 0, 1, 0),
(215, 'disabled', 98, 0, 0, 0, 1, 0),
(216, 'form', 98, 0, 0, 0, 0, 0),
(217, 'multiple', 98, 0, 0, 0, 1, 0),
(218, 'selectedIndex', 98, 0, 0, 0, 0, 0),
(219, 'name', 98, 0, 0, 0, 0, 0),
(220, 'required', 98, 0, 0, 0, 1, 0),
(221, 'size', 98, 0, 0, 0, 0, 0),
(222, 'disabled', 83, 0, 0, 0, 1, 0),
(223, 'label', 83, 0, 0, 0, 0, 0),
(224, 'disabled', 84, 0, 0, 0, 1, 0),
(225, 'label', 84, 0, 0, 0, 0, 0),
(226, 'selected', 84, 0, 0, 0, 1, 0),
(227, 'value', 84, 0, 0, 0, 0, 0),
(228, 'autofocus', 112, 0, 0, 0, 1, 0),
(229, 'cols', 112, 0, 0, 0, 0, 0),
(230, 'disabled', 112, 0, 0, 0, 1, 0),
(231, 'form', 112, 0, 0, 0, 0, 0),
(232, 'maxlength', 112, 0, 0, 0, 0, 0),
(233, 'name', 112, 0, 0, 0, 0, 0),
(234, 'placeholder', 112, 0, 0, 0, 0, 0),
(235, 'required', 112, 0, 0, 0, 1, 0),
(236, 'rows', 112, 0, 0, 0, 0, 0),
(237, 'selectionDirection', 112, 0, 0, 0, 0, 0),
(238, 'selectionEnd', 112, 0, 0, 0, 0, 0),
(239, 'selectionStart', 112, 0, 0, 0, 0, 0),
(240, 'spellcheck', 112, 0, 0, 0, 0, 0),
(241, 'wrap', 112, 0, 0, 0, 0, 0),
(242, 'autofocus', 65, 0, 0, 0, 1, 0),
(243, 'challenge', 65, 0, 0, 0, 0, 0),
(244, 'disabled', 65, 0, 0, 0, 1, 0),
(245, 'form', 65, 0, 0, 0, 0, 0),
(246, 'keytype', 65, 0, 0, 0, 0, 0),
(247, 'name', 65, 0, 0, 0, 0, 0),
(248, 'for', 85, 0, 0, 0, 0, 0),
(249, 'form', 85, 0, 0, 0, 0, 0),
(250, 'name', 85, 0, 0, 0, 0, 0),
(251, 'max', 89, 0, 0, 0, 0, 0),
(252, 'value', 89, 0, 0, 0, 0, 0),
(253, 'value', 77, 0, 0, 0, 0, 0),
(254, 'min', 77, 0, 0, 0, 0, 0),
(255, 'max', 77, 0, 0, 0, 0, 0),
(256, 'low', 77, 0, 0, 0, 0, 0),
(257, 'high', 77, 0, 0, 0, 0, 0),
(258, 'optimum', 77, 0, 0, 0, 0, 0),
(259, 'form', 77, 0, 0, 0, 0, 0),
(260, 'open', 32, 0, 0, 0, 1, 0),
(261, 'checked', 75, 0, 0, 0, 0, 0),
(262, 'command', 75, 0, 0, 0, 0, 0),
(263, 'default', 75, 0, 0, 0, 0, 0),
(264, 'disabled', 75, 0, 0, 0, 0, 0),
(265, 'icon', 75, 0, 0, 0, 0, 0),
(266, 'label', 75, 0, 0, 0, 0, 0),
(267, 'radiogroup', 75, 0, 0, 0, 0, 0),
(268, 'type', 75, 0, 0, 0, 0, 0),
(269, 'type', 74, 0, 0, 0, 0, 0),
(270, 'label', 74, 0, 0, 0, 0, 0),
(275, 'lang', 57, 0, 0, 1, 0, 0),
(276, 'readonly', 112, 0, 0, 0, 1, 0),
(278, 'onblur', 0, 1, 0, 0, 0, 1),
(279, 'onchange', 0, 1, 0, 0, 0, 1),
(280, 'oncontextmenu', 0, 1, 0, 0, 0, 1),
(281, 'onfocus', 0, 1, 0, 0, 0, 1),
(282, 'onformchange', 0, 1, 0, 0, 0, 1),
(283, 'onforminput', 0, 1, 0, 0, 0, 1),
(284, 'oninput', 0, 1, 0, 0, 0, 1),
(285, 'oninvalid', 0, 1, 0, 0, 0, 1),
(286, 'onreset', 0, 1, 0, 1, 0, 1),
(287, 'onselect', 0, 1, 0, 0, 0, 1),
(288, 'onsubmit', 0, 1, 0, 0, 0, 1),
(289, 'onkeydown', 0, 1, 0, 0, 0, 1),
(290, 'onkeypress', 0, 1, 0, 0, 0, 1),
(291, 'onkeyup', 0, 1, 0, 0, 0, 1),
(292, 'onclick', 0, 1, 0, 0, 0, 1),
(293, 'ondblclick', 0, 1, 0, 0, 0, 1),
(294, 'ondrag', 0, 1, 0, 0, 0, 1),
(295, 'ondragend', 0, 1, 0, 0, 0, 1),
(296, 'ondragcenter', 0, 1, 0, 0, 0, 1),
(297, 'ondragleave', 0, 1, 0, 0, 0, 1),
(298, 'ondragover', 0, 1, 0, 0, 0, 1),
(299, 'ondragstart', 0, 1, 0, 0, 0, 1),
(300, 'ondrop', 0, 1, 0, 0, 0, 1),
(301, 'onmousedown', 0, 1, 0, 0, 0, 1),
(302, 'onmousemove', 0, 1, 0, 0, 0, 1),
(303, 'onmouseout', 0, 1, 0, 0, 0, 1),
(304, 'onmouseover', 0, 1, 0, 0, 0, 1),
(305, 'onmouseup', 0, 1, 0, 0, 0, 1),
(306, 'onmousewheel', 0, 1, 0, 0, 0, 1),
(307, 'onscroll', 0, 1, 0, 0, 0, 1),
(308, 'onabort', 0, 1, 0, 0, 0, 1),
(309, 'oncanplay', 0, 1, 0, 0, 0, 1),
(310, 'oncanplaythrough', 0, 1, 0, 0, 0, 1),
(311, 'ondurationchange', 0, 1, 0, 0, 0, 1),
(312, 'onemptied', 0, 1, 0, 0, 0, 1),
(313, 'onended', 0, 1, 0, 0, 0, 1),
(314, 'onerror', 0, 1, 0, 0, 0, 1),
(315, 'onloadeddata', 0, 1, 0, 0, 0, 1),
(316, 'onloadedmetadata', 0, 1, 0, 0, 0, 1),
(317, 'onloadstart', 0, 1, 0, 0, 0, 1),
(318, 'onpause', 0, 1, 0, 0, 0, 1),
(319, 'onplay', 0, 1, 0, 0, 0, 1),
(320, 'onplaying', 0, 1, 0, 0, 0, 1),
(321, 'onprogress', 0, 1, 0, 0, 0, 1),
(322, 'onratechange', 0, 1, 0, 0, 0, 1),
(323, 'onreadystatechange', 0, 1, 0, 0, 0, 1),
(324, 'onseeked', 0, 1, 0, 0, 0, 1),
(325, 'onseeking', 0, 1, 0, 0, 0, 1),
(326, 'onstalled', 0, 1, 0, 0, 0, 1),
(327, 'onsuspend', 0, 1, 0, 0, 0, 1),
(328, 'ontimeupdate', 0, 1, 0, 0, 0, 1),
(329, 'onvolumechange', 0, 1, 0, 0, 0, 1),
(330, 'onwaiting', 0, 1, 0, 0, 0, 1),
(331, 'name', 1, 0, 0, 1, 0, 0);

-- --------------------------------------------------------

--
-- Table structure for table `Element`
--

CREATE TABLE IF NOT EXISTS `Element` (
  `eID` int(10) NOT NULL,
  `EName` varchar(10) NOT NULL,
  `IsDeprecated` tinyint(1) NOT NULL,
  `CanSelfClose` tinyint(1) NOT NULL,
  `IsFormElem` tinyint(1) NOT NULL,
  `IsTableElem` int(1) NOT NULL,
  `IsTableContainer` tinyint(1) NOT NULL DEFAULT '0',
  `IsTableSingular` tinyint(1) NOT NULL DEFAULT '0',
  `IsSingular` tinyint(1) NOT NULL,
  `IsMeta` int(1) NOT NULL DEFAULT '0',
  `IsHeadElem` int(1) NOT NULL DEFAULT '0',
  PRIMARY KEY (`EName`)
) ENGINE=InnoDB DEFAULT CHARSET=latin1;

--
-- Dumping data for table `Element`
--

INSERT INTO `Element` (`eID`, `EName`, `IsDeprecated`, `CanSelfClose`, `IsFormElem`, `IsTableElem`, `IsTableContainer`, `IsTableSingular`, `IsSingular`, `IsMeta`, `IsHeadElem`) VALUES
(126, '!DOCTYPE', 0, 0, 0, 0, 0, 0, 1, 0, 0),
(1, 'a', 0, 0, 0, 0, 0, 0, 0, 0, 0),
(2, 'abbr', 0, 0, 0, 0, 0, 0, 0, 0, 0),
(3, 'acronym', 1, 0, 0, 0, 0, 0, 0, 0, 0),
(4, 'address', 0, 0, 0, 0, 0, 0, 0, 0, 0),
(5, 'applet', 1, 0, 0, 0, 0, 0, 0, 0, 0),
(6, 'area', 0, 0, 0, 0, 0, 0, 0, 0, 0),
(7, 'article', 0, 0, 0, 0, 0, 0, 0, 0, 0),
(8, 'aside', 0, 0, 0, 0, 0, 0, 0, 0, 0),
(9, 'audio', 0, 0, 0, 0, 0, 0, 0, 0, 0),
(10, 'b', 0, 0, 0, 0, 0, 0, 0, 0, 0),
(11, 'base', 0, 1, 0, 0, 0, 0, 1, 1, 1),
(12, 'basefont', 1, 0, 0, 0, 0, 0, 0, 0, 0),
(13, 'bdi', 0, 0, 0, 0, 0, 0, 0, 0, 0),
(14, 'bdo', 0, 0, 0, 0, 0, 0, 0, 0, 0),
(15, 'big', 1, 0, 0, 0, 0, 0, 0, 0, 0),
(16, 'blackface', 1, 0, 0, 0, 0, 0, 0, 0, 0),
(17, 'blockquote', 0, 0, 0, 0, 0, 0, 0, 0, 0),
(18, 'body', 0, 0, 0, 0, 0, 0, 1, 0, 0),
(19, 'br', 0, 1, 0, 0, 0, 0, 0, 0, 0),
(20, 'button', 0, 0, 1, 0, 0, 0, 0, 0, 0),
(21, 'canvas', 0, 0, 0, 0, 0, 0, 0, 0, 0),
(22, 'caption', 0, 0, 0, 1, 0, 1, 0, 0, 0),
(23, 'center', 1, 0, 0, 0, 0, 0, 0, 0, 0),
(24, 'cite', 0, 0, 0, 0, 0, 0, 0, 0, 0),
(25, 'code', 0, 0, 0, 0, 0, 0, 0, 0, 0),
(26, 'col', 0, 1, 0, 1, 0, 0, 0, 0, 0),
(27, 'colgroup', 0, 0, 0, 1, 1, 1, 0, 0, 0),
(28, 'data', 0, 0, 0, 0, 0, 0, 0, 0, 0),
(29, 'datalist', 0, 0, 1, 0, 0, 0, 0, 0, 0),
(30, 'dd', 0, 0, 0, 0, 0, 0, 0, 0, 0),
(31, 'del', 0, 0, 0, 0, 0, 0, 0, 0, 0),
(32, 'details', 0, 0, 0, 0, 0, 0, 0, 0, 0),
(33, 'dfn', 0, 0, 0, 0, 0, 0, 0, 0, 0),
(34, 'dir', 1, 0, 0, 0, 0, 0, 0, 0, 0),
(35, 'div', 0, 0, 0, 0, 0, 0, 0, 0, 0),
(36, 'dl', 0, 0, 0, 0, 0, 0, 0, 0, 0),
(37, 'dt', 0, 0, 0, 0, 0, 0, 0, 0, 0),
(38, 'em', 0, 0, 0, 0, 0, 0, 0, 0, 0),
(39, 'embed', 0, 0, 0, 0, 0, 0, 0, 0, 0),
(40, 'fieldset', 0, 0, 1, 0, 0, 0, 0, 0, 0),
(41, 'figcaption', 0, 0, 0, 0, 0, 0, 0, 0, 0),
(42, 'figure', 0, 0, 0, 0, 0, 0, 0, 0, 0),
(43, 'font', 1, 0, 0, 0, 0, 0, 0, 0, 0),
(44, 'footer', 0, 0, 0, 0, 0, 0, 0, 0, 0),
(45, 'form', 0, 0, 0, 0, 0, 0, 0, 0, 0),
(46, 'frame', 1, 0, 0, 0, 0, 0, 0, 0, 0),
(47, 'frameset', 1, 0, 0, 0, 0, 0, 0, 0, 0),
(48, 'h1', 0, 0, 0, 0, 0, 0, 0, 0, 0),
(49, 'h2', 0, 0, 0, 0, 0, 0, 0, 0, 0),
(50, 'h3', 0, 0, 0, 0, 0, 0, 0, 0, 0),
(51, 'h4', 0, 0, 0, 0, 0, 0, 0, 0, 0),
(52, 'h5', 0, 0, 0, 0, 0, 0, 0, 0, 0),
(53, 'h6', 0, 0, 0, 0, 0, 0, 0, 0, 0),
(54, 'head', 0, 0, 0, 0, 0, 0, 1, 0, 0),
(55, 'header', 0, 0, 0, 0, 0, 0, 0, 0, 0),
(56, 'hr', 0, 1, 0, 0, 0, 0, 0, 0, 0),
(57, 'html', 0, 0, 0, 0, 0, 0, 1, 0, 0),
(58, 'i', 0, 0, 0, 0, 0, 0, 0, 0, 0),
(59, 'iframe', 0, 0, 0, 0, 0, 0, 0, 0, 0),
(60, 'img', 0, 1, 0, 0, 0, 0, 0, 0, 0),
(61, 'input', 0, 1, 1, 0, 0, 0, 0, 0, 0),
(62, 'ins', 0, 0, 0, 0, 0, 0, 0, 0, 0),
(63, 'isindex', 1, 0, 0, 0, 0, 0, 0, 0, 0),
(64, 'kbd', 0, 0, 0, 0, 0, 0, 0, 0, 0),
(65, 'keygen', 0, 1, 1, 0, 0, 0, 0, 0, 0),
(66, 'label', 0, 0, 1, 0, 0, 0, 0, 0, 0),
(67, 'legend', 0, 0, 1, 0, 0, 0, 0, 0, 0),
(68, 'li', 0, 0, 0, 0, 0, 0, 0, 0, 0),
(69, 'link', 0, 1, 0, 0, 0, 0, 0, 1, 0),
(70, 'main', 0, 0, 0, 0, 0, 0, 1, 0, 0),
(71, 'map', 0, 0, 0, 0, 0, 0, 0, 0, 0),
(72, 'mark', 0, 0, 0, 0, 0, 0, 0, 0, 0),
(73, 'math', 0, 0, 0, 0, 0, 0, 0, 0, 0),
(74, 'menu', 0, 0, 0, 0, 0, 0, 0, 0, 0),
(75, 'menuitem', 0, 1, 0, 0, 0, 0, 0, 0, 0),
(76, 'meta', 0, 1, 0, 0, 0, 0, 0, 1, 0),
(77, 'meter', 0, 0, 1, 0, 0, 0, 0, 0, 0),
(78, 'nav', 0, 0, 0, 0, 0, 0, 0, 0, 0),
(79, 'noframe', 1, 0, 0, 0, 0, 0, 0, 0, 0),
(80, 'noscript', 0, 0, 0, 0, 0, 0, 0, 1, 0),
(81, 'object', 0, 0, 0, 0, 0, 0, 0, 0, 0),
(82, 'ol', 0, 0, 0, 0, 0, 0, 0, 0, 0),
(83, 'optgroup', 0, 0, 1, 0, 0, 0, 0, 0, 0),
(84, 'option', 0, 0, 1, 0, 0, 0, 0, 0, 0),
(85, 'output', 0, 0, 1, 0, 0, 0, 0, 0, 0),
(86, 'p', 0, 0, 0, 0, 0, 0, 0, 0, 0),
(87, 'param', 0, 1, 0, 0, 0, 0, 0, 0, 0),
(88, 'pre', 0, 0, 0, 0, 0, 0, 0, 0, 0),
(89, 'progress', 0, 0, 1, 0, 0, 0, 0, 0, 0),
(90, 'q', 0, 0, 0, 0, 0, 0, 0, 0, 0),
(91, 'rp', 0, 0, 0, 0, 0, 0, 0, 0, 0),
(92, 'rt', 0, 0, 0, 0, 0, 0, 0, 0, 0),
(93, 'ruby', 0, 0, 0, 0, 0, 0, 0, 0, 0),
(94, 's', 0, 0, 0, 0, 0, 0, 0, 0, 0),
(95, 'samp', 0, 0, 0, 0, 0, 0, 0, 0, 0),
(96, 'script', 0, 0, 0, 0, 0, 0, 0, 1, 0),
(97, 'section', 0, 0, 0, 0, 0, 0, 0, 0, 0),
(98, 'select', 0, 0, 1, 0, 0, 0, 0, 0, 0),
(99, 'small', 0, 0, 0, 0, 0, 0, 0, 0, 0),
(100, 'source', 0, 1, 0, 0, 0, 0, 0, 0, 0),
(101, 'span', 0, 0, 0, 0, 0, 0, 0, 0, 0),
(102, 'strike', 1, 0, 0, 0, 0, 0, 0, 0, 0),
(103, 'strong', 0, 0, 0, 0, 0, 0, 0, 0, 0),
(104, 'style', 0, 0, 0, 0, 0, 0, 0, 1, 0),
(105, 'sub', 0, 0, 0, 0, 0, 0, 0, 0, 0),
(106, 'summary', 0, 0, 0, 0, 0, 0, 0, 0, 0),
(107, 'sup', 0, 0, 0, 0, 0, 0, 0, 0, 0),
(108, 'svg', 0, 0, 0, 0, 0, 0, 0, 0, 0),
(109, 'table', 0, 0, 0, 0, 0, 0, 0, 0, 0),
(110, 'tbody', 0, 0, 0, 1, 1, 1, 0, 0, 0),
(111, 'td', 0, 0, 0, 1, 0, 0, 0, 0, 0),
(112, 'textarea', 0, 0, 1, 0, 0, 0, 0, 0, 0),
(113, 'tfoot', 0, 0, 0, 1, 1, 1, 0, 0, 0),
(114, 'th', 0, 0, 0, 1, 0, 0, 0, 0, 0),
(115, 'thead', 0, 0, 0, 1, 1, 1, 0, 0, 0),
(116, 'time', 0, 0, 0, 0, 0, 0, 0, 0, 0),
(117, 'title', 0, 0, 0, 0, 0, 0, 1, 1, 1),
(118, 'tr', 0, 0, 0, 1, 1, 0, 0, 0, 0),
(119, 'track', 0, 1, 0, 0, 0, 0, 0, 0, 0),
(120, 'tt', 1, 0, 0, 0, 0, 0, 0, 0, 0),
(121, 'u', 0, 0, 0, 0, 0, 0, 0, 0, 0),
(122, 'ul', 0, 0, 0, 0, 0, 0, 0, 0, 0),
(123, 'var', 0, 0, 0, 0, 0, 0, 0, 0, 0),
(124, 'video', 0, 0, 0, 0, 0, 0, 0, 0, 0),
(127, 'wbr', 0, 1, 0, 0, 0, 0, 0, 0, 0),
(125, 'xmp', 1, 0, 0, 0, 0, 0, 0, 0, 0);

-- --------------------------------------------------------

--
-- Table structure for table `Error`
--

CREATE TABLE IF NOT EXISTS `Error` (
  `eID` int(11) NOT NULL,
  `eMessage` varchar(1000) NOT NULL,
  `type` varchar(10) NOT NULL,
  PRIMARY KEY (`eID`),
  KEY `type` (`type`)
) ENGINE=InnoDB DEFAULT CHARSET=latin1;

--
-- Dumping data for table `Error`
--

INSERT INTO `Error` (`eID`, `eMessage`, `type`) VALUES
(0, 'You should only have one base tag in your html document, which belongs in the head.', 'semantic'),
(1, 'Oops! It looks like something''s wrong with your doctype. Make sure you''ve written it like this: <!DOCTYPE html>.', 'syntax'),
(2, 'Hey, we can''t find your doctype! Make sure you write it like this <!DOCTYPE html> on the first line of your HTML file.', 'syntax'),
(3, 'Hey, we can''t find your html tag! Make sure you write it under your doctype and finish it with a closing tag at the end of your document.', 'syntax'),
(4, 'Hey, we can''t find your head tag! The head''s important for storing information for third parties like search engines. Make sure the head tag comes before your body.', 'syntax'),
(5, 'Did you want to include a title for your awesome webpage? The <title> and </title> tags belong in the head of your document.', 'syntax'),
(6, 'Hey, we can''t find your body tag! The body''s necessary because it is the basis for your webpage! Make sure your body tag comes right after your head tag.', 'syntax'),
(7, 'You only need one <!DOCTYPE html>. This other doctype will mess your html!', 'semantic'),
(8, 'You only need one html tag to start your document (after the doctype) and one to close your document (at the very end). Here you''ve got an extra one too many!', 'semantic'),
(9, 'This stray head tag is looking out of place - you may want to delete it. You only need one head for your html document, which belongs before the body.', 'semantic'),
(10, '<title>''s a deceiving little one! You only need one title in your document''s head. If you want to make headings for your webpage, you may want to use the <h1> tag.', 'semantic'),
(11, 'Hey your <base> tag belongs to the head of your document! Remember you only need one. Send it back home by placing it between your <head></head> tags.', 'semantic'),
(12, 'Hey your <base> tag belongs to the head of your document! Remember you only need one. Send it back home by placing it between your <head></head> tags.', 'semantic'),
(13, 'Hey your <link> tag belongs to the head of your document! Send it back home by placing it between your <head></head> tags.', 'semantic'),
(14, 'Hey your <meta> tag belongs to the head of your document! Send it back home by placing it between your <head></head> tags.', 'semantic'),
(15, 'We can''t find the closing --element_c tag! This has might cause a bunch of errors (below) to come up.. Go back and close this tag then revalidate your code', 'syntax'),
(16, 'Hey your <body> tag belongs right after your closing </head> tag. The closing </body> tag belongs just before your closing </html> tag. Remember you only need one pair for your document!', 'semantic'),
(17, 'Hey! Your <main> tag belongs only inside your <body> tags, it also needs a </main> tag, and should only exist once because it''s like your content wrapper.', 'semantic'),
(18, 'We don''t know anything about the --tag tag. It does not exist in HTML. Make sure you''ve spelt the tag correctly!', 'syntax'),
(19, 'Looks like you haven''t self-closed your --element_uc tag by ending it like this />.', 'syntax'),
(20, 'Your <style> tag seems to be missing a compulsory type="" attribute. ', 'syntax'),
(21, 'Your <--tag> tag seems to be missing the compulsory --attr attribute.', 'syntax'),
(22, 'We can''t find this attribute! You''ve either spelt it wrong, or you''re using an attribute that does not validly belong to this tag (or doesn''t exist at all)!', 'syntax'),
(23, 'is an attribute that does not exist for this tag. Make sure you''ve spelt it correctly or that you''re not using the attribute which belongs to another tag!', 'syntax'),
(24, 'Are you using <s> for deleted text? If so, you should be using <del> instead.', 'semantic'),
(25, 'Are you using <i> for emphasised text? If so, you should use <em> instead. <i> should only be used for text that is offset from regular text but has no extra emphasis or importance (such as technical terms or foreign language phrases).', 'semantic'),
(26, 'Are you using <b> for important text? If so, you should use <strong> instead. <b> should only be used for text that is stylistically different, but has no special importance (such as product names in a review, or keywords in a document abstract).', 'semantic'),
(27, 'Are you using <u> for underlined text? If so, you should only use it for specific types of text, such as text misspellings. As underlines are used for links, you should avoid using them when you can.', 'semantic'),
(28, 'Looks like you''re using this div for a --semantic. How about using --element?', 'semantic'),
(29, 'Looks like you''re using a deprecated tag. The --element tag is no longer used in HTML.', 'deprecated'),
(30, 'Looks like you''re using a deprecated attribute. --attr is no longer used for --tag. It may have been replaced by a different attributed or just considered unneeded.', 'deprecated'),
(31, 'Looks like you have self-closed your --element_uc tag by ending it like this />. This tag is not allowed to close that way. Close it properly by adding </--element_uc>.', 'semantic'),
(32, 'You seem to be missing a charset declaration inside a <meta> tag. It helps the browser read your file! Add <meta charset="utf-8" /> inside your <head> to help your favourite browser!', 'semantic'),
(33, 'We suggest including a space before the closing ''/''. This is not strictly required, but just looks a little cleaner.', 'warning'),
(34, 'For best practices, use the value attribute for every <input> tag.', 'warning'),
(35, 'For best practices, use the name attribute for every <input> tag.', 'warning'),
(36, 'For best practices, use the alt attribute for every <img> tag to supply an alternative text description of the image.', 'warning'),
(37, 'You have used at two <br /> tags in a row. If you are using br tags to create a list, use <li> tags instead. Otherwise use CSS to style your page, if you want to skip a few lines.', 'semantic'),
(38, 'Oops! --attval is the value of an attribute. All attribute values belong inside quotes. Fix it with --att="-attval".', 'semantic'),
(39, ' is already used as an ID value earlier in the file. All IDs must be unique.', 'semantic'),
(40, 'We could not find --fp. Make sure you got the file path correct. Remember to use correct upper- and lower-case.', 'broken'),
(41, 'The -attr attribute is a boolean attribute. That means simply by setting it, you are assigning a value to it. So no need explicitly assign a value. Please delete your = and value.', 'syntax'),
(42, 'Even though # is not required to be quoted, it is considered best practice for consistency.', 'warning'),
(43, '-attr must have an associated value. Use -attr=''value'' to set a value to this attribute. Most attributes require values to be associated. Be careful though, there are a few which don''t.', 'syntax'),
(44, ' has already been assigned once for this tag. Each attribute should only be used once for each tag!', 'syntax'),
(45, 'You should only have one base tag in your html document, which belongs in the head.', 'semantic'),
(46, 'You only need to have one set of main tags, embedded just under your body tags.', 'semantic'),
(47, 'It''s best to avoid using the main tag as it is not rendered consistently across major browsers.', 'warning'),
(100, 'Whoops, your close tags are in the wrong order! The last tag opened should be the first one closed.', 'syntax'),
(101, 'Naughty! It looks like you''re using an element within itself. This is not allowed for this element.', 'semantic'),
(102, 'Seems like this tag is in the wrong place! All table elements should be within a <table>.', 'syntax'),
(103, 'Seems like this tag is in the wrong place! All form elements should be within a <form>.', 'syntax'),
(104, 'You''ve left this guy stranded! All your elements should be contained within <html> tags.', 'syntax'),
(105, 'This tag is in the wrong section! This element is not valid for <head>.', 'syntax'),
(106, 'This tag is in the wrong section! This element is not valid for <body>.', 'syntax'),
(107, 'This element hasn''t been closed! Remember to close all your open elements!', 'syntax'),
(108, 'This closing tag doesn''t have a start tag!', 'syntax'),
(140, 'It looks like your table elements are not in the correct order! Ensure that <caption> is the first tag in your table if you have one.', 'syntax'),
(141, 'It looks like you have multiple instances of a singular table tag.', 'syntax'),
(142, 'Your table element is in the wrong type of table tag!', 'syntax');

-- --------------------------------------------------------

--
-- Table structure for table `Types`
--

CREATE TABLE IF NOT EXISTS `Types` (
  `errortypes` varchar(10) NOT NULL,
  PRIMARY KEY (`errortypes`),
  KEY `errortypes` (`errortypes`)
) ENGINE=InnoDB DEFAULT CHARSET=latin1;

--
-- Dumping data for table `Types`
--

INSERT INTO `Types` (`errortypes`) VALUES
('broken'),
('deprecated'),
('semantic'),
('syntax'),
('warning');

--
-- Constraints for dumped tables
--

--
-- Constraints for table `Error`
--
ALTER TABLE `Error`
  ADD CONSTRAINT `CK_ERRORTYPE` FOREIGN KEY (`type`) REFERENCES `Types` (`errortypes`);

/*!40101 SET CHARACTER_SET_CLIENT=@OLD_CHARACTER_SET_CLIENT */;
/*!40101 SET CHARACTER_SET_RESULTS=@OLD_CHARACTER_SET_RESULTS */;
/*!40101 SET COLLATION_CONNECTION=@OLD_COLLATION_CONNECTION */;
